user_id,item_id,predicted_rating,model_type,rank
101,100,4.571428571428571,ubcf,1
101,258,4.5,ubcf,2
101,126,4.285714285714286,ubcf,3
101,25,4.0,ubcf,4
101,127,4.0,ubcf,5
101,300,4.0,ubcf,6
101,274,3.8333333333333335,ubcf,7
101,291,3.8333333333333335,ubcf,8
101,15,3.75,ubcf,9
101,294,3.7142857142857144,ubcf,10
608,474,4.857142857142857,ubcf,1
608,179,4.625,ubcf,2
608,651,4.625,ubcf,3
608,447,4.6,ubcf,4
608,963,4.6,ubcf,5
608,137,4.571428571428571,ubcf,6
608,313,4.571428571428571,ubcf,7
608,211,4.555555555555555,ubcf,8
608,14,4.5,ubcf,9
608,493,4.5,ubcf,10
230,603,4.833333333333333,ubcf,1
230,318,4.666666666666667,ubcf,2
230,483,4.666666666666667,ubcf,3
230,430,4.6,ubcf,4
230,479,4.6,ubcf,5
230,480,4.6,ubcf,6
230,194,4.5,ubcf,7
230,208,4.5,ubcf,8
230,482,4.4,ubcf,9
230,127,4.375,ubcf,10
822,174,4.833333333333333,ubcf,1
822,172,4.428571428571429,ubcf,2
822,173,4.428571428571429,ubcf,3
822,56,4.4,ubcf,4
822,168,4.4,ubcf,5
822,50,4.375,ubcf,6
822,69,4.333333333333333,ubcf,7
822,181,4.333333333333333,ubcf,8
822,258,4.333333333333333,ubcf,9
822,8,4.2,ubcf,10
290,313,4.8,ubcf,1
290,173,4.625,ubcf,2
290,96,4.444444444444445,ubcf,3
290,195,4.375,ubcf,4
290,528,4.2,ubcf,5
290,603,4.2,ubcf,6
290,7,4.0,ubcf,7
290,79,4.0,ubcf,8
290,443,4.0,ubcf,9
290,526,4.0,ubcf,10
426,515,4.857142857142857,ubcf,1
426,127,4.833333333333333,ubcf,2
426,611,4.833333333333333,ubcf,3
426,498,4.8,ubcf,4
426,479,4.777777777777778,ubcf,5
426,275,4.666666666666667,ubcf,6
426,513,4.666666666666667,ubcf,7
426,89,4.625,ubcf,8
426,589,4.6,ubcf,9
426,69,4.571428571428571,ubcf,10
5,114,4.6,ubcf,1
5,483,4.5,ubcf,2
5,96,4.333333333333333,ubcf,3
5,184,4.222222222222222,ubcf,4
5,195,4.2,ubcf,5
5,127,4.166666666666667,ubcf,6
5,191,4.166666666666667,ubcf,7
5,746,4.125,ubcf,8
5,7,4.0,ubcf,9
5,83,4.0,ubcf,10
8,226,4.222222222222222,ubcf,1
8,117,4.166666666666667,ubcf,2
8,265,4.142857142857143,ubcf,3
8,302,4.0,ubcf,4
8,665,4.0,ubcf,5
8,576,3.8,ubcf,6
8,39,3.6,ubcf,7
8,554,3.6,ubcf,8
8,4,3.5714285714285716,ubcf,9
8,121,3.5,ubcf,10
144,169,4.8,ubcf,1
144,427,4.666666666666667,ubcf,2
144,483,4.625,ubcf,3
144,211,4.6,ubcf,4
144,511,4.6,ubcf,5
144,603,4.6,ubcf,6
144,132,4.5,ubcf,7
144,157,4.5,ubcf,8
144,185,4.5,ubcf,9
144,71,4.285714285714286,ubcf,10
92,286,4.8,ubcf,1
92,357,4.714285714285714,ubcf,2
92,483,4.666666666666667,ubcf,3
92,127,4.625,ubcf,4
92,52,4.6,ubcf,5
92,83,4.571428571428571,ubcf,6
92,194,4.333333333333333,ubcf,7
92,97,4.222222222222222,ubcf,8
92,588,4.222222222222222,ubcf,9
92,333,4.2,ubcf,10
467,313,4.4,ubcf,1
467,9,3.8333333333333335,ubcf,2
467,628,3.6666666666666665,ubcf,3
467,15,3.6,ubcf,4
467,25,3.6,ubcf,5
467,250,3.6,ubcf,6
467,333,3.4,ubcf,7
467,405,3.4,ubcf,8
467,591,3.2,ubcf,9
467,294,3.1666666666666665,ubcf,10
788,173,4.833333333333333,ubcf,1
788,127,4.625,ubcf,2
788,191,4.5,ubcf,3
788,50,4.444444444444445,ubcf,4
788,501,4.333333333333333,ubcf,5
788,515,4.333333333333333,ubcf,6
788,496,4.25,ubcf,7
788,265,4.222222222222222,ubcf,8
788,136,4.2,ubcf,9
788,134,4.166666666666667,ubcf,10
353,302,4.375,ubcf,1
353,269,4.0,ubcf,2
353,307,3.5,ubcf,3
353,322,3.4,ubcf,4
353,748,3.2,ubcf,5
353,294,3.0,ubcf,6
353,347,2.8333333333333335,ubcf,7
353,289,2.8,ubcf,8
353,678,2.8,ubcf,9
254,79,4.75,ubcf,1
254,185,4.6,ubcf,2
254,483,4.5,ubcf,3
254,195,4.285714285714286,ubcf,4
254,402,4.285714285714286,ubcf,5
254,470,4.285714285714286,ubcf,6
254,208,4.25,ubcf,7
254,511,4.2,ubcf,8
254,515,4.166666666666667,ubcf,9
254,161,4.142857142857143,ubcf,10
405,474,4.857142857142857,ubcf,1
405,9,4.625,ubcf,2
405,144,4.428571428571429,ubcf,3
405,508,4.4,ubcf,4
405,136,4.333333333333333,ubcf,5
405,484,4.333333333333333,ubcf,6
405,151,4.285714285714286,ubcf,7
405,153,4.285714285714286,ubcf,8
405,223,4.285714285714286,ubcf,9
405,483,4.285714285714286,ubcf,10
680,127,4.6,ubcf,1
680,302,4.4,ubcf,2
680,258,4.0,ubcf,3
680,475,4.0,ubcf,4
680,221,3.5,ubcf,5
680,508,3.4,ubcf,6
680,13,3.2,ubcf,7
680,111,3.2,ubcf,8
680,181,3.2,ubcf,9
680,237,3.2,ubcf,10
256,258,4.714285714285714,ubcf,1
256,69,4.625,ubcf,2
256,144,4.625,ubcf,3
256,153,4.6,ubcf,4
256,204,4.6,ubcf,5
256,223,4.6,ubcf,6
256,328,4.6,ubcf,7
256,48,4.5,ubcf,8
256,173,4.5,ubcf,9
256,651,4.4,ubcf,10
551,173,4.777777777777778,ubcf,1
551,496,4.4,ubcf,2
551,588,4.375,ubcf,3
551,1,4.333333333333333,ubcf,4
551,246,4.333333333333333,ubcf,5
551,83,4.2,ubcf,6
551,87,4.2,ubcf,7
551,199,4.166666666666667,ubcf,8
551,427,4.125,ubcf,9
551,194,4.0,ubcf,10
271,45,4.4,ubcf,1
271,483,4.4,ubcf,2
271,513,4.4,ubcf,3
271,611,4.333333333333333,ubcf,4
271,14,4.285714285714286,ubcf,5
271,432,4.285714285714286,ubcf,6
271,497,4.285714285714286,ubcf,7
271,606,4.285714285714286,ubcf,8
271,463,4.2,ubcf,9
271,923,4.2,ubcf,10
610,64,4.428571428571429,ubcf,1
610,174,4.4,ubcf,2
610,357,4.4,ubcf,3
610,69,4.333333333333333,ubcf,4
610,496,4.333333333333333,ubcf,5
610,22,4.285714285714286,ubcf,6
610,82,4.285714285714286,ubcf,7
610,215,4.285714285714286,ubcf,8
610,432,4.2,ubcf,9
610,651,4.2,ubcf,10
499,506,4.666666666666667,ubcf,1
499,523,4.666666666666667,ubcf,2
499,180,4.625,ubcf,3
499,603,4.571428571428571,ubcf,4
499,64,4.555555555555555,ubcf,5
499,197,4.5,ubcf,6
499,432,4.5,ubcf,7
499,492,4.5,ubcf,8
499,496,4.5,ubcf,9
499,124,4.428571428571429,ubcf,10
121,286,4.142857142857143,ubcf,1
121,56,4.0,ubcf,2
121,269,4.0,ubcf,3
121,7,3.857142857142857,ubcf,4
121,258,3.8333333333333335,ubcf,5
121,111,3.6,ubcf,6
121,283,3.6,ubcf,7
121,591,3.6,ubcf,8
121,277,3.4,ubcf,9
121,293,3.4,ubcf,10
154,127,4.875,ubcf,1
154,14,4.6,ubcf,2
154,173,4.5,ubcf,3
154,179,4.5,ubcf,4
154,603,4.5,ubcf,5
154,318,4.428571428571429,ubcf,6
154,483,4.4,ubcf,7
154,513,4.4,ubcf,8
154,199,4.333333333333333,ubcf,9
154,427,4.285714285714286,ubcf,10
715,127,4.571428571428571,ubcf,1
715,246,4.5,ubcf,2
715,187,4.333333333333333,ubcf,3
715,203,4.333333333333333,ubcf,4
715,483,4.2,ubcf,5
715,194,4.166666666666667,ubcf,6
715,628,4.166666666666667,ubcf,7
715,186,4.142857142857143,ubcf,8
715,55,4.0,ubcf,9
715,211,4.0,ubcf,10
585,515,4.4,ubcf,1
585,382,4.0,ubcf,2
585,512,3.8333333333333335,ubcf,3
585,475,3.6666666666666665,ubcf,4
585,531,3.6666666666666665,ubcf,5
585,100,3.6,ubcf,6
585,179,3.4285714285714284,ubcf,7
585,381,3.1666666666666665,ubcf,8
733,50,4.166666666666667,ubcf,1
733,25,4.0,ubcf,2
733,93,3.8333333333333335,ubcf,3
733,628,3.8,ubcf,4
733,508,3.6666666666666665,ubcf,5
733,301,3.6,ubcf,6
733,15,3.5555555555555554,ubcf,7
733,475,3.5,ubcf,8
733,1197,3.5,ubcf,9
733,111,3.2857142857142856,ubcf,10
73,134,4.857142857142857,ubcf,1
73,23,4.666666666666667,ubcf,2
73,185,4.6,ubcf,3
73,511,4.6,ubcf,4
73,483,4.5,ubcf,5
73,98,4.375,ubcf,6
73,169,4.375,ubcf,7
73,209,4.285714285714286,ubcf,8
73,302,4.285714285714286,ubcf,9
73,50,4.25,ubcf,10
308,474,4.777777777777778,ubcf,1
308,647,4.428571428571429,ubcf,2
308,190,4.285714285714286,ubcf,3
308,527,4.222222222222222,ubcf,4
308,173,4.2,ubcf,5
308,497,4.166666666666667,ubcf,6
308,52,4.0,ubcf,7
308,136,4.0,ubcf,8
308,137,4.0,ubcf,9
308,150,4.0,ubcf,10
328,173,5.0,ubcf,1
328,174,4.4,ubcf,2
328,496,4.333333333333333,ubcf,3
328,735,4.285714285714286,ubcf,4
328,83,4.2,ubcf,5
328,136,4.2,ubcf,6
328,178,4.2,ubcf,7
328,193,4.2,ubcf,8
328,484,4.2,ubcf,9
328,746,4.2,ubcf,10
35,313,4.333333333333333,ubcf,1
35,302,4.166666666666667,ubcf,2
35,682,4.0,ubcf,3
35,292,3.8333333333333335,ubcf,4
35,873,3.8333333333333335,ubcf,5
35,288,3.7777777777777777,ubcf,6
35,304,3.7142857142857144,ubcf,7
35,294,3.6,ubcf,8
35,245,3.375,ubcf,9
35,323,3.375,ubcf,10
707,127,4.75,ubcf,1
707,515,4.555555555555555,ubcf,2
707,187,4.5,ubcf,3
707,132,4.444444444444445,ubcf,4
707,213,4.444444444444445,ubcf,5
707,357,4.444444444444445,ubcf,6
707,511,4.375,ubcf,7
707,514,4.375,ubcf,8
707,50,4.333333333333333,ubcf,9
707,709,4.333333333333333,ubcf,10
94,48,4.5,ubcf,1
94,137,4.4,ubcf,2
94,480,4.4,ubcf,3
94,919,4.4,ubcf,4
94,479,4.333333333333333,ubcf,5
94,198,4.285714285714286,ubcf,6
94,276,4.285714285714286,ubcf,7
94,427,4.25,ubcf,8
94,430,4.2,ubcf,9
94,531,4.2,ubcf,10
75,313,4.6,ubcf,1
75,282,4.5,ubcf,2
75,181,4.4,ubcf,3
75,744,4.333333333333333,ubcf,4
75,257,4.2,ubcf,5
75,258,4.142857142857143,ubcf,6
75,596,4.0,ubcf,7
75,628,4.0,ubcf,8
75,126,3.875,ubcf,9
75,928,3.8333333333333335,ubcf,10
456,134,4.714285714285714,ubcf,1
456,156,4.714285714285714,ubcf,2
456,190,4.714285714285714,ubcf,3
456,527,4.714285714285714,ubcf,4
456,192,4.5,ubcf,5
456,199,4.5,ubcf,6
456,654,4.5,ubcf,7
456,657,4.5,ubcf,8
456,183,4.444444444444445,ubcf,9
456,318,4.444444444444445,ubcf,10
796,136,4.714285714285714,ubcf,1
796,11,4.428571428571429,ubcf,2
796,205,4.4,ubcf,3
796,7,4.285714285714286,ubcf,4
796,208,4.285714285714286,ubcf,5
796,651,4.25,ubcf,6
796,392,4.2,ubcf,7
796,523,4.2,ubcf,8
796,663,4.2,ubcf,9
796,966,4.2,ubcf,10
293,511,4.857142857142857,ubcf,1
293,318,4.8,ubcf,2
293,136,4.666666666666667,ubcf,3
293,191,4.666666666666667,ubcf,4
293,9,4.625,ubcf,5
293,170,4.5,ubcf,6
293,190,4.5,ubcf,7
293,428,4.5,ubcf,8
293,520,4.5,ubcf,9
293,523,4.5,ubcf,10
887,174,5.0,ubcf,1
887,313,5.0,ubcf,2
887,64,4.857142857142857,ubcf,3
887,79,4.857142857142857,ubcf,4
887,185,4.666666666666667,ubcf,5
887,186,4.666666666666667,ubcf,6
887,208,4.625,ubcf,7
887,226,4.6,ubcf,8
887,237,4.6,ubcf,9
887,866,4.6,ubcf,10
450,513,4.6,ubcf,1
450,515,4.444444444444445,ubcf,2
450,42,4.4,ubcf,3
450,463,4.4,ubcf,4
450,9,4.285714285714286,ubcf,5
450,8,4.25,ubcf,6
450,124,4.2,ubcf,7
450,137,4.2,ubcf,8
450,770,4.2,ubcf,9
450,1101,4.2,ubcf,10
407,318,4.8,ubcf,1
407,480,4.714285714285714,ubcf,2
407,276,4.6,ubcf,3
407,511,4.5,ubcf,4
407,12,4.428571428571429,ubcf,5
407,64,4.428571428571429,ubcf,6
407,199,4.428571428571429,ubcf,7
407,124,4.333333333333333,ubcf,8
407,23,4.166666666666667,ubcf,9
407,178,4.166666666666667,ubcf,10
627,127,4.888888888888889,ubcf,1
627,95,4.4,ubcf,2
627,531,4.4,ubcf,3
627,98,4.222222222222222,ubcf,4
627,87,4.2,ubcf,5
627,192,4.2,ubcf,6
627,313,4.2,ubcf,7
627,483,4.2,ubcf,8
627,71,4.142857142857143,ubcf,9
627,203,4.142857142857143,ubcf,10
476,64,4.8,ubcf,1
476,174,4.8,ubcf,2
476,181,4.8,ubcf,3
476,50,4.75,ubcf,4
476,79,4.6,ubcf,5
476,98,4.6,ubcf,6
476,127,4.6,ubcf,7
476,172,4.6,ubcf,8
476,153,4.428571428571429,ubcf,9
476,195,4.4,ubcf,10
78,100,4.5,ubcf,1
78,300,4.5,ubcf,2
78,127,4.2,ubcf,3
78,282,4.2,ubcf,4
78,50,4.142857142857143,ubcf,5
78,151,3.8333333333333335,ubcf,6
78,111,3.6666666666666665,ubcf,7
78,181,3.6666666666666665,ubcf,8
78,258,3.6666666666666665,ubcf,9
78,121,3.6,ubcf,10
104,315,4.6,ubcf,1
104,515,4.6,ubcf,2
104,742,3.7777777777777777,ubcf,3
104,298,3.7142857142857144,ubcf,4
104,343,3.6666666666666665,ubcf,5
104,410,3.6,ubcf,6
104,1047,3.6,ubcf,7
104,1,3.5714285714285716,ubcf,8
104,109,3.4,ubcf,9
104,118,3.4,ubcf,10
875,9,4.833333333333333,ubcf,1
875,127,4.8,ubcf,2
875,197,4.714285714285714,ubcf,3
875,475,4.625,ubcf,4
875,136,4.6,ubcf,5
875,484,4.6,ubcf,6
875,493,4.6,ubcf,7
875,515,4.6,ubcf,8
875,182,4.555555555555555,ubcf,9
875,318,4.555555555555555,ubcf,10
564,748,4.8,ubcf,1
564,222,4.333333333333333,ubcf,2
564,405,4.111111111111111,ubcf,3
564,328,4.0,ubcf,4
564,471,4.0,ubcf,5
564,250,3.8,ubcf,6
564,294,3.8,ubcf,7
564,252,3.5,ubcf,8
564,678,3.4,ubcf,9
564,237,3.0,ubcf,10
393,127,5.0,ubcf,1
393,187,5.0,ubcf,2
393,98,4.777777777777778,ubcf,3
393,174,4.7,ubcf,4
393,176,4.555555555555555,ubcf,5
393,183,4.5,ubcf,6
393,293,4.375,ubcf,7
393,246,4.333333333333333,ubcf,8
393,268,4.333333333333333,ubcf,9
393,427,4.333333333333333,ubcf,10
268,64,4.857142857142857,ubcf,1
268,187,4.857142857142857,ubcf,2
268,518,4.5,ubcf,3
268,177,4.4,ubcf,4
268,22,4.375,ubcf,5
268,214,4.333333333333333,ubcf,6
268,196,4.285714285714286,ubcf,7
268,9,4.2,ubcf,8
268,23,4.2,ubcf,9
268,318,4.2,ubcf,10
588,228,4.8,ubcf,1
588,127,4.714285714285714,ubcf,2
588,64,4.7,ubcf,3
588,223,4.6,ubcf,4
588,603,4.6,ubcf,5
588,11,4.5,ubcf,6
588,176,4.5,ubcf,7
588,183,4.5,ubcf,8
588,96,4.444444444444445,ubcf,9
588,328,4.428571428571429,ubcf,10
417,9,4.714285714285714,ubcf,1
417,187,4.666666666666667,ubcf,2
417,276,4.6,ubcf,3
417,313,4.6,ubcf,4
417,318,4.571428571428571,ubcf,5
417,22,4.444444444444445,ubcf,6
417,408,4.428571428571429,ubcf,7
417,124,4.4,ubcf,8
417,652,4.2,ubcf,9
417,1073,4.2,ubcf,10
874,19,4.571428571428571,ubcf,1
874,269,4.5,ubcf,2
874,9,4.0,ubcf,3
874,242,4.0,ubcf,4
874,283,3.7142857142857144,ubcf,5
874,744,3.7142857142857144,ubcf,6
874,257,3.6666666666666665,ubcf,7
874,237,3.6,ubcf,8
874,248,3.6,ubcf,9
874,293,3.6,ubcf,10
59,302,4.833333333333333,ubcf,1
59,648,4.428571428571429,ubcf,2
59,153,4.4,ubcf,3
59,164,4.4,ubcf,4
59,641,4.4,ubcf,5
59,463,4.333333333333333,ubcf,6
59,520,4.333333333333333,ubcf,7
59,482,4.3,ubcf,8
59,8,4.285714285714286,ubcf,9
59,124,4.285714285714286,ubcf,10
716,170,4.8,ubcf,1
716,302,4.6,ubcf,2
716,124,4.5,ubcf,3
716,523,4.4,ubcf,4
716,657,4.333333333333333,ubcf,5
716,528,4.285714285714286,ubcf,6
716,89,4.222222222222222,ubcf,7
716,313,4.2,ubcf,8
716,654,4.2,ubcf,9
716,770,4.2,ubcf,10
389,511,4.875,ubcf,1
389,89,4.714285714285714,ubcf,2
389,318,4.666666666666667,ubcf,3
389,515,4.666666666666667,ubcf,4
389,357,4.6,ubcf,5
389,606,4.571428571428571,ubcf,6
389,505,4.555555555555555,ubcf,7
389,523,4.5,ubcf,8
389,528,4.5,ubcf,9
389,611,4.5,ubcf,10
42,22,4.666666666666667,ubcf,1
42,526,4.666666666666667,ubcf,2
42,127,4.5,ubcf,3
42,378,4.428571428571429,ubcf,4
42,483,4.428571428571429,ubcf,5
42,153,4.4,ubcf,6
42,187,4.4,ubcf,7
42,144,4.333333333333333,ubcf,8
42,89,4.285714285714286,ubcf,9
42,200,4.285714285714286,ubcf,10
204,272,4.166666666666667,ubcf,1
204,311,4.0,ubcf,2
204,313,4.0,ubcf,3
204,344,3.8,ubcf,4
204,289,3.6,ubcf,5
204,328,3.6,ubcf,6
204,896,3.6,ubcf,7
204,305,3.5714285714285716,ubcf,8
204,327,3.4285714285714284,ubcf,9
204,326,3.3333333333333335,ubcf,10
269,511,4.666666666666667,ubcf,1
269,12,4.5,ubcf,2
269,199,4.444444444444445,ubcf,3
269,480,4.4,ubcf,4
269,490,4.4,ubcf,5
269,709,4.285714285714286,ubcf,6
269,607,4.2,ubcf,7
269,699,4.2,ubcf,8
269,32,4.166666666666667,ubcf,9
269,178,4.166666666666667,ubcf,10
877,127,4.8,ubcf,1
877,514,4.4,ubcf,2
877,50,4.375,ubcf,3
877,48,4.333333333333333,ubcf,4
877,511,4.333333333333333,ubcf,5
877,318,4.285714285714286,ubcf,6
877,191,4.25,ubcf,7
877,213,4.222222222222222,ubcf,8
877,190,4.2,ubcf,9
877,10,4.166666666666667,ubcf,10
369,302,4.8,ubcf,1
369,313,4.428571428571429,ubcf,2
369,258,3.625,ubcf,3
369,269,3.6,ubcf,4
369,288,3.4285714285714284,ubcf,5
369,286,3.3333333333333335,ubcf,6
369,328,3.3333333333333335,ubcf,7
369,300,3.142857142857143,ubcf,8
369,326,2.8,ubcf,9
369,294,2.7142857142857144,ubcf,10
941,127,4.8,ubcf,1
941,50,4.666666666666667,ubcf,2
941,100,4.5,ubcf,3
941,109,4.0,ubcf,4
941,121,3.857142857142857,ubcf,5
941,288,3.8,ubcf,6
941,1012,3.8,ubcf,7
941,748,3.6666666666666665,ubcf,8
941,246,3.6,ubcf,9
941,24,3.5,ubcf,10
892,520,4.625,ubcf,1
892,603,4.571428571428571,ubcf,2
892,205,4.333333333333333,ubcf,3
892,427,4.333333333333333,ubcf,4
892,493,4.333333333333333,ubcf,5
892,498,4.333333333333333,ubcf,6
892,193,4.285714285714286,ubcf,7
892,443,4.25,ubcf,8
892,197,4.222222222222222,ubcf,9
892,211,4.222222222222222,ubcf,10
249,313,4.8,ubcf,1
249,127,4.571428571428571,ubcf,2
249,187,4.5,ubcf,3
249,180,4.428571428571429,ubcf,4
249,134,4.4,ubcf,5
249,527,4.4,ubcf,6
249,531,4.4,ubcf,7
249,268,4.375,ubcf,8
249,150,4.333333333333333,ubcf,9
249,184,4.333333333333333,ubcf,10
390,50,4.571428571428571,ubcf,1
390,14,4.285714285714286,ubcf,2
390,237,3.6,ubcf,3
390,276,3.6,ubcf,4
390,294,3.4,ubcf,5
390,301,3.0,ubcf,6
390,222,2.8,ubcf,7
559,483,4.875,ubcf,1
559,50,4.555555555555555,ubcf,2
559,64,4.5,ubcf,3
559,498,4.5,ubcf,4
559,357,4.444444444444445,ubcf,5
559,1,4.4,ubcf,6
559,663,4.4,ubcf,7
559,179,4.333333333333333,ubcf,8
559,474,4.333333333333333,ubcf,9
559,480,4.333333333333333,ubcf,10
354,474,4.5,ubcf,1
354,127,4.428571428571429,ubcf,2
354,132,4.428571428571429,ubcf,3
354,178,4.4,ubcf,4
354,187,4.4,ubcf,5
354,484,4.4,ubcf,6
354,56,4.375,ubcf,7
354,923,4.333333333333333,ubcf,8
354,12,4.25,ubcf,9
354,427,4.25,ubcf,10
313,173,4.7,ubcf,1
313,12,4.5,ubcf,2
313,601,4.4,ubcf,3
313,630,4.4,ubcf,4
313,530,4.333333333333333,ubcf,5
313,648,4.333333333333333,ubcf,6
313,378,4.285714285714286,ubcf,7
313,87,4.2,ubcf,8
313,196,4.2,ubcf,9
313,612,4.2,ubcf,10
484,12,4.6,ubcf,1
484,64,4.5,ubcf,2
484,11,4.333333333333333,ubcf,3
484,288,4.2,ubcf,4
484,402,4.2,ubcf,5
484,735,4.2,ubcf,6
484,62,4.142857142857143,ubcf,7
484,31,4.0,ubcf,8
484,127,4.0,ubcf,9
484,164,4.0,ubcf,10
704,479,4.875,ubcf,1
704,179,4.833333333333333,ubcf,2
704,97,4.8,ubcf,3
704,474,4.8,ubcf,4
704,484,4.777777777777778,ubcf,5
704,427,4.75,ubcf,6
704,505,4.714285714285714,ubcf,7
704,515,4.714285714285714,ubcf,8
704,483,4.7,ubcf,9
704,357,4.666666666666667,ubcf,10
296,511,4.833333333333333,ubcf,1
296,318,4.714285714285714,ubcf,2
296,64,4.666666666666667,ubcf,3
296,135,4.666666666666667,ubcf,4
296,527,4.625,ubcf,5
296,205,4.6,ubcf,6
296,603,4.571428571428571,ubcf,7
296,173,4.555555555555555,ubcf,8
296,185,4.5,ubcf,9
296,192,4.5,ubcf,10
26,340,3.6666666666666665,ubcf,1
26,762,3.6666666666666665,ubcf,2
26,544,3.6,ubcf,3
26,273,3.4285714285714284,ubcf,4
26,268,3.4,ubcf,5
26,1047,3.4,ubcf,6
26,147,3.2,ubcf,7
26,1028,3.2,ubcf,8
26,245,3.0,ubcf,9
26,281,3.0,ubcf,10
198,169,4.8,ubcf,1
198,8,4.666666666666667,ubcf,2
198,190,4.666666666666667,ubcf,3
198,157,4.625,ubcf,4
198,12,4.428571428571429,ubcf,5
198,313,4.428571428571429,ubcf,6
198,22,4.4,ubcf,7
198,223,4.4,ubcf,8
198,528,4.4,ubcf,9
198,647,4.4,ubcf,10
280,333,4.6,ubcf,1
280,196,4.5,ubcf,2
280,187,4.4,ubcf,3
280,87,4.285714285714286,ubcf,4
280,89,4.25,ubcf,5
280,651,4.25,ubcf,6
280,258,4.222222222222222,ubcf,7
280,194,4.2,ubcf,8
280,48,4.142857142857143,ubcf,9
280,143,4.125,ubcf,10
398,318,4.833333333333333,ubcf,1
398,515,4.714285714285714,ubcf,2
398,98,4.5,ubcf,3
398,511,4.5,ubcf,4
398,136,4.375,ubcf,5
398,22,4.285714285714286,ubcf,6
398,657,4.285714285714286,ubcf,7
398,89,4.25,ubcf,8
398,238,4.25,ubcf,9
398,526,4.25,ubcf,10
215,135,4.5,ubcf,1
215,318,4.5,ubcf,2
215,520,4.333333333333333,ubcf,3
215,173,4.25,ubcf,4
215,133,4.2,ubcf,5
215,530,4.2,ubcf,6
215,511,4.166666666666667,ubcf,7
215,100,4.125,ubcf,8
215,7,4.0,ubcf,9
215,141,4.0,ubcf,10
288,194,4.666666666666667,ubcf,1
288,135,4.571428571428571,ubcf,2
288,496,4.5,ubcf,3
288,9,4.428571428571429,ubcf,4
288,423,4.428571428571429,ubcf,5
288,82,4.4,ubcf,6
288,265,4.4,ubcf,7
288,495,4.4,ubcf,8
288,187,4.375,ubcf,9
288,133,4.333333333333333,ubcf,10
799,300,3.6,ubcf,1
799,324,3.4,ubcf,2
799,327,3.4,ubcf,3
799,269,3.2,ubcf,4
799,323,3.1666666666666665,ubcf,5
774,191,4.375,ubcf,1
774,443,4.333333333333333,ubcf,2
774,474,4.25,ubcf,3
774,83,4.2,ubcf,4
774,192,4.2,ubcf,5
774,480,4.2,ubcf,6
774,99,4.166666666666667,ubcf,7
774,603,4.166666666666667,ubcf,8
774,496,4.142857142857143,ubcf,9
774,1,4.0,ubcf,10
149,315,4.571428571428571,ubcf,1
149,344,3.6666666666666665,ubcf,2
149,347,3.6,ubcf,3
149,750,3.6,ubcf,4
149,270,3.2,ubcf,5
149,307,3.2,ubcf,6
149,322,2.2,ubcf,7
375,50,4.666666666666667,ubcf,1
375,12,4.6,ubcf,2
375,79,4.571428571428571,ubcf,3
375,98,4.5,ubcf,4
375,100,4.428571428571429,ubcf,5
375,219,4.4,ubcf,6
375,7,4.375,ubcf,7
375,258,4.2,ubcf,8
375,164,4.142857142857143,ubcf,9
375,326,4.0,ubcf,10
291,187,5.0,ubcf,1
291,272,5.0,ubcf,2
291,127,4.571428571428571,ubcf,3
291,182,4.571428571428571,ubcf,4
291,176,4.555555555555555,ubcf,5
291,185,4.5,ubcf,6
291,333,4.5,ubcf,7
291,196,4.428571428571429,ubcf,8
291,203,4.4,ubcf,9
291,298,4.375,ubcf,10
29,301,3.8333333333333335,ubcf,1
29,288,3.6666666666666665,ubcf,2
29,340,3.4,ubcf,3
29,258,3.3333333333333335,ubcf,4
29,328,3.3333333333333335,ubcf,5
29,321,3.2,ubcf,6
29,327,3.2,ubcf,7
29,322,3.0,ubcf,8
29,690,3.0,ubcf,9
29,333,2.8,ubcf,10
159,313,5.0,ubcf,1
159,222,4.1,ubcf,2
159,50,4.0,ubcf,3
159,100,4.0,ubcf,4
159,181,3.8333333333333335,ubcf,5
159,106,3.8,ubcf,6
159,282,3.75,ubcf,7
159,300,3.75,ubcf,8
159,508,3.7142857142857144,ubcf,9
159,275,3.6,ubcf,10
314,172,4.875,ubcf,1
314,50,4.75,ubcf,2
314,313,4.714285714285714,ubcf,3
314,98,4.666666666666667,ubcf,4
314,272,4.666666666666667,ubcf,5
314,181,4.625,ubcf,6
314,96,4.444444444444445,ubcf,7
314,210,4.444444444444445,ubcf,8
314,302,4.4,ubcf,9
314,686,4.4,ubcf,10
540,313,4.8,ubcf,1
540,302,4.6,ubcf,2
540,127,4.285714285714286,ubcf,3
540,118,3.8333333333333335,ubcf,4
540,14,3.8,ubcf,5
540,151,3.6666666666666665,ubcf,6
540,298,3.6666666666666665,ubcf,7
540,763,3.6,ubcf,8
540,273,3.5,ubcf,9
540,282,3.5,ubcf,10
929,514,4.8,ubcf,1
929,427,4.666666666666667,ubcf,2
929,603,4.666666666666667,ubcf,3
929,357,4.428571428571429,ubcf,4
929,64,4.4,ubcf,5
929,168,4.4,ubcf,6
929,208,4.2,ubcf,7
929,210,4.166666666666667,ubcf,8
929,234,4.142857142857143,ubcf,9
929,79,4.125,ubcf,10
748,480,4.8,ubcf,1
748,12,4.6,ubcf,2
748,127,4.6,ubcf,3
748,651,4.6,ubcf,4
748,98,4.428571428571429,ubcf,5
748,134,4.4,ubcf,6
748,28,4.25,ubcf,7
748,191,4.25,ubcf,8
748,156,4.2,ubcf,9
748,157,4.2,ubcf,10
867,127,4.5,ubcf,1
867,199,4.4,ubcf,2
867,215,4.4,ubcf,3
867,427,4.4,ubcf,4
867,173,4.333333333333333,ubcf,5
867,357,4.25,ubcf,6
867,527,4.25,ubcf,7
867,97,4.166666666666667,ubcf,8
867,187,4.166666666666667,ubcf,9
867,179,4.125,ubcf,10
919,56,4.833333333333333,ubcf,1
919,127,4.666666666666667,ubcf,2
919,173,4.6,ubcf,3
919,479,4.6,ubcf,4
919,515,4.6,ubcf,5
919,196,4.5,ubcf,6
919,150,4.4,ubcf,7
919,197,4.4,ubcf,8
919,242,4.2,ubcf,9
919,762,4.2,ubcf,10
840,178,4.714285714285714,ubcf,1
840,136,4.625,ubcf,2
840,211,4.555555555555555,ubcf,3
840,318,4.5,ubcf,4
840,490,4.5,ubcf,5
840,523,4.5,ubcf,6
840,427,4.4,ubcf,7
840,651,4.4,ubcf,8
840,709,4.4,ubcf,9
840,1020,4.4,ubcf,10
65,174,4.777777777777778,ubcf,1
65,496,4.714285714285714,ubcf,2
65,22,4.625,ubcf,3
65,187,4.6,ubcf,4
65,127,4.571428571428571,ubcf,5
65,181,4.555555555555555,ubcf,6
65,172,4.444444444444445,ubcf,7
65,193,4.4,ubcf,8
65,313,4.4,ubcf,9
65,483,4.4,ubcf,10
521,177,4.4,ubcf,1
521,313,4.4,ubcf,2
521,318,4.4,ubcf,3
521,98,4.3,ubcf,4
521,196,4.2,ubcf,5
521,211,4.2,ubcf,6
521,333,4.2,ubcf,7
521,433,4.142857142857143,ubcf,8
521,82,4.1,ubcf,9
521,67,4.0,ubcf,10
53,109,4.0,ubcf,1
53,405,4.0,ubcf,2
53,763,4.0,ubcf,3
53,117,3.875,ubcf,4
53,237,3.875,ubcf,5
53,222,3.857142857142857,ubcf,6
53,288,3.8333333333333335,ubcf,7
53,111,3.7142857142857144,ubcf,8
53,300,3.7142857142857144,ubcf,9
53,1,3.6,ubcf,10
145,272,5.0,ubcf,1
145,187,4.8,ubcf,2
145,127,4.75,ubcf,3
145,144,4.6,ubcf,4
145,186,4.5,ubcf,5
145,357,4.428571428571429,ubcf,6
145,1220,4.4,ubcf,7
145,746,4.375,ubcf,8
145,71,4.333333333333333,ubcf,9
145,125,4.333333333333333,ubcf,10
7,42,4.6,ubcf,1
7,462,4.4,ubcf,2
7,55,4.2,ubcf,3
7,124,4.2,ubcf,4
7,466,4.2,ubcf,5
7,48,4.166666666666667,ubcf,6
7,313,4.166666666666667,ubcf,7
7,709,4.166666666666667,ubcf,8
7,770,4.166666666666667,ubcf,9
7,490,4.125,ubcf,10
880,313,4.666666666666667,ubcf,1
880,496,4.6,ubcf,2
880,196,4.571428571428571,ubcf,3
880,143,4.5,ubcf,4
880,9,4.428571428571429,ubcf,5
880,479,4.4,ubcf,6
880,959,4.4,ubcf,7
880,157,4.333333333333333,ubcf,8
880,183,4.333333333333333,ubcf,9
880,427,4.285714285714286,ubcf,10
815,480,4.666666666666667,ubcf,1
815,430,4.6,ubcf,2
815,178,4.571428571428571,ubcf,3
815,663,4.5,ubcf,4
815,205,4.428571428571429,ubcf,5
815,482,4.4,ubcf,6
815,511,4.375,ubcf,7
815,64,4.333333333333333,ubcf,8
815,498,4.333333333333333,ubcf,9
815,194,4.285714285714286,ubcf,10
567,165,4.8,ubcf,1
567,515,4.666666666666667,ubcf,2
567,166,4.6,ubcf,3
567,169,4.6,ubcf,4
567,8,4.5,ubcf,5
567,661,4.444444444444445,ubcf,6
567,14,4.428571428571429,ubcf,7
567,488,4.428571428571429,ubcf,8
567,505,4.375,ubcf,9
567,528,4.375,ubcf,10
165,173,4.857142857142857,ubcf,1
165,64,4.833333333333333,ubcf,2
165,22,4.625,ubcf,3
165,228,4.428571428571429,ubcf,4
165,511,4.4,ubcf,5
165,98,4.333333333333333,ubcf,6
165,50,4.3,ubcf,7
165,9,4.2,ubcf,8
165,95,4.2,ubcf,9
165,199,4.2,ubcf,10
806,64,4.875,ubcf,1
806,480,4.8,ubcf,2
806,173,4.666666666666667,ubcf,3
806,199,4.6,ubcf,4
806,603,4.6,ubcf,5
806,474,4.444444444444445,ubcf,6
806,185,4.4,ubcf,7
806,191,4.4,ubcf,8
806,527,4.4,ubcf,9
806,205,4.333333333333333,ubcf,10
932,641,4.666666666666667,ubcf,1
932,463,4.6,ubcf,2
932,8,4.428571428571429,ubcf,3
932,633,4.428571428571429,ubcf,4
932,50,4.4,ubcf,5
932,166,4.4,ubcf,6
932,651,4.4,ubcf,7
932,127,4.375,ubcf,8
932,505,4.375,ubcf,9
932,653,4.333333333333333,ubcf,10
222,187,4.8,ubcf,1
222,474,4.6,ubcf,2
222,134,4.4,ubcf,3
222,194,4.4,ubcf,4
222,201,4.4,ubcf,5
222,286,4.4,ubcf,6
222,203,4.375,ubcf,7
222,531,4.333333333333333,ubcf,8
222,83,4.2,ubcf,9
222,518,4.2,ubcf,10
101,298,4.0,ibcf,1
101,591,3.857142857142857,ibcf,2
101,628,3.857142857142857,ibcf,3
101,1016,3.857142857142857,ibcf,4
101,294,3.8333333333333335,ibcf,5
101,100,3.8,ibcf,6
101,148,3.8,ibcf,7
101,273,3.8,ibcf,8
101,276,3.8,ibcf,9
101,696,3.8,ibcf,10
608,381,4.833333333333333,ibcf,1
608,447,4.8,ibcf,2
608,1020,4.8,ibcf,3
608,737,4.666666666666667,ibcf,4
608,200,4.571428571428571,ibcf,5
608,504,4.571428571428571,ibcf,6
608,747,4.5,ibcf,7
608,708,4.428571428571429,ibcf,8
608,955,4.428571428571429,ibcf,9
608,26,4.4,ibcf,10
230,133,4.777777777777778,ibcf,1
230,58,4.714285714285714,ibcf,2
230,471,4.714285714285714,ibcf,3
230,527,4.714285714285714,ibcf,4
230,215,4.7,ibcf,5
230,318,4.7,ibcf,6
230,148,4.666666666666667,ibcf,7
230,282,4.666666666666667,ibcf,8
230,546,4.666666666666667,ibcf,9
230,596,4.666666666666667,ibcf,10
822,473,3.0,ibcf,1
290,79,4.428571428571429,ibcf,1
290,294,4.4,ibcf,2
290,963,4.4,ibcf,3
290,58,4.375,ibcf,4
290,173,4.375,ibcf,5
290,4,4.333333333333333,ibcf,6
290,549,4.333333333333333,ibcf,7
290,215,4.3,ibcf,8
290,8,4.25,ibcf,9
290,195,4.25,ibcf,10
426,499,4.714285714285714,ibcf,1
426,506,4.571428571428571,ibcf,2
426,495,4.5,ibcf,3
426,497,4.5,ibcf,4
426,507,4.5,ibcf,5
426,602,4.5,ibcf,6
426,479,4.444444444444445,ibcf,7
426,498,4.444444444444445,ibcf,8
426,589,4.428571428571429,ibcf,9
426,701,4.4,ibcf,10
5,114,4.555555555555555,ibcf,1
5,175,4.4,ibcf,2
5,248,4.4,ibcf,3
5,515,4.4,ibcf,4
5,1065,4.4,ibcf,5
5,179,4.2,ibcf,6
5,584,4.166666666666667,ibcf,7
5,82,4.142857142857143,ibcf,8
5,96,4.0,ibcf,9
5,118,4.0,ibcf,10
8,164,5.0,ibcf,1
8,98,4.857142857142857,ibcf,2
8,204,4.8,ibcf,3
8,234,4.8,ibcf,4
8,265,4.714285714285714,ibcf,5
8,173,4.666666666666667,ibcf,6
8,203,4.666666666666667,ibcf,7
8,39,4.6,ibcf,8
8,180,4.6,ibcf,9
8,380,4.6,ibcf,10
144,11,4.625,ibcf,1
144,162,4.6,ibcf,2
144,199,4.6,ibcf,3
144,582,4.5,ibcf,4
144,157,4.428571428571429,ibcf,5
144,317,4.428571428571429,ibcf,6
144,463,4.4,ibcf,7
144,511,4.4,ibcf,8
144,735,4.375,ibcf,9
144,10,4.333333333333333,ibcf,10
92,187,4.75,ibcf,1
92,150,4.666666666666667,ibcf,2
92,127,4.625,ibcf,3
92,23,4.5,ibcf,4
92,293,4.5,ibcf,5
92,676,4.5,ibcf,6
92,1098,4.5,ibcf,7
92,458,4.444444444444445,ibcf,8
92,188,4.4,ibcf,9
92,1010,4.4,ibcf,10
467,236,4.8,ibcf,1
467,9,4.714285714285714,ibcf,2
467,508,4.285714285714286,ibcf,3
467,129,4.25,ibcf,4
467,1007,4.2,ibcf,5
467,286,4.0,ibcf,6
467,324,3.8333333333333335,ibcf,7
467,151,3.7142857142857144,ibcf,8
467,235,3.6666666666666665,ibcf,9
467,289,3.6,ibcf,10
788,515,4.857142857142857,ibcf,1
788,136,4.666666666666667,ibcf,2
788,292,4.4,ibcf,3
788,491,4.4,ibcf,4
788,690,4.4,ibcf,5
788,705,4.4,ibcf,6
788,485,4.333333333333333,ibcf,7
788,506,4.333333333333333,ibcf,8
788,495,4.285714285714286,ibcf,9
788,48,4.25,ibcf,10
353,312,4.666666666666667,ibcf,1
353,269,4.5,ibcf,2
353,347,4.5,ibcf,3
353,302,4.375,ibcf,4
353,345,4.2,ibcf,5
353,690,4.142857142857143,ibcf,6
353,292,4.0,ibcf,7
353,304,4.0,ibcf,8
353,354,4.0,ibcf,9
353,689,4.0,ibcf,10
254,651,4.625,ibcf,1
254,735,4.6,ibcf,2
254,216,4.571428571428571,ibcf,3
254,193,4.555555555555555,ibcf,4
254,79,4.5,ibcf,5
254,87,4.5,ibcf,6
254,660,4.5,ibcf,7
254,318,4.444444444444445,ibcf,8
254,58,4.428571428571429,ibcf,9
254,56,4.4,ibcf,10
405,100,4.6,ibcf,1
405,483,4.5,ibcf,2
405,963,4.5,ibcf,3
405,133,4.428571428571429,ibcf,4
405,496,4.4,ibcf,5
405,144,4.222222222222222,ibcf,6
405,167,4.166666666666667,ibcf,7
405,153,4.0,ibcf,8
405,223,4.0,ibcf,9
405,479,4.0,ibcf,10
680,13,4.428571428571429,ibcf,1
680,124,4.428571428571429,ibcf,2
680,283,4.4,ibcf,3
680,475,4.333333333333333,ibcf,4
680,508,4.333333333333333,ibcf,5
680,19,4.2,ibcf,6
680,116,4.2,ibcf,7
680,250,4.2,ibcf,8
680,288,4.2,ibcf,9
680,473,4.2,ibcf,10
256,26,4.857142857142857,ibcf,1
256,1060,4.833333333333333,ibcf,2
256,241,4.8,ibcf,3
256,371,4.8,ibcf,4
256,713,4.8,ibcf,5
256,770,4.777777777777778,ibcf,6
256,720,4.75,ibcf,7
256,68,4.714285714285714,ibcf,8
256,231,4.714285714285714,ibcf,9
256,111,4.7,ibcf,10
551,23,5.0,ibcf,1
551,428,5.0,ibcf,2
551,521,5.0,ibcf,3
551,649,5.0,ibcf,4
551,652,5.0,ibcf,5
551,806,5.0,ibcf,6
551,1098,5.0,ibcf,7
551,679,4.9,ibcf,8
551,141,4.8,ibcf,9
551,408,4.8,ibcf,10
271,633,4.666666666666667,ibcf,1
271,629,4.6,ibcf,2
271,662,4.5,ibcf,3
271,1126,4.5,ibcf,4
271,162,4.428571428571429,ibcf,5
271,712,4.428571428571429,ibcf,6
271,615,4.4,ibcf,7
271,955,4.4,ibcf,8
271,164,4.333333333333333,ibcf,9
271,212,4.333333333333333,ibcf,10
610,515,4.6,ibcf,1
610,155,4.4,ibcf,2
610,200,4.2,ibcf,3
610,479,4.2,ibcf,4
610,549,4.2,ibcf,5
610,963,4.2,ibcf,6
610,23,4.0,ibcf,7
610,99,4.0,ibcf,8
610,156,4.0,ibcf,9
610,164,4.0,ibcf,10
499,528,5.0,ibcf,1
499,48,4.6,ibcf,2
499,197,4.6,ibcf,3
499,316,4.6,ibcf,4
499,354,4.6,ibcf,5
499,523,4.6,ibcf,6
499,654,4.6,ibcf,7
499,310,4.5,ibcf,8
499,905,4.5,ibcf,9
499,1039,4.428571428571429,ibcf,10
121,19,4.6,ibcf,1
121,64,4.6,ibcf,2
121,116,4.6,ibcf,3
121,191,4.6,ibcf,4
121,13,4.5,ibcf,5
121,283,4.5,ibcf,6
121,286,4.5,ibcf,7
121,285,4.428571428571429,ibcf,8
121,258,4.4,ibcf,9
121,150,4.2,ibcf,10
154,198,5.0,ibcf,1
154,179,4.833333333333333,ibcf,2
154,180,4.833333333333333,ibcf,3
154,603,4.833333333333333,ibcf,4
154,127,4.8,ibcf,5
154,199,4.8,ibcf,6
154,214,4.8,ibcf,7
154,647,4.8,ibcf,8
154,498,4.6,ibcf,9
154,657,4.6,ibcf,10
715,531,4.6,ibcf,1
715,153,4.428571428571429,ibcf,2
715,357,4.4,ibcf,3
715,673,4.4,ibcf,4
715,963,4.4,ibcf,5
715,48,4.333333333333333,ibcf,6
715,164,4.333333333333333,ibcf,7
715,200,4.333333333333333,ibcf,8
715,317,4.333333333333333,ibcf,9
715,427,4.333333333333333,ibcf,10
585,702,4.4,ibcf,1
585,694,4.285714285714286,ibcf,2
585,921,4.285714285714286,ibcf,3
585,387,4.166666666666667,ibcf,4
585,57,3.8,ibcf,5
585,512,3.7777777777777777,ibcf,6
585,1115,3.6666666666666665,ibcf,7
585,1006,3.6,ibcf,8
585,1622,3.0,ibcf,9
733,251,4.0,ibcf,1
733,1007,3.8333333333333335,ibcf,2
733,475,3.6666666666666665,ibcf,3
733,93,3.625,ibcf,4
733,268,3.6,ibcf,5
733,319,3.6,ibcf,6
733,936,3.6,ibcf,7
733,236,3.5714285714285716,ibcf,8
733,979,3.4,ibcf,9
733,508,3.25,ibcf,10
73,214,5.0,ibcf,1
73,647,5.0,ibcf,2
73,198,4.833333333333333,ibcf,3
73,182,4.8,ibcf,4
73,134,4.666666666666667,ibcf,5
73,203,4.6,ibcf,6
73,461,4.6,ibcf,7
73,919,4.5,ibcf,8
73,209,4.428571428571429,ibcf,9
73,652,4.4,ibcf,10
308,518,4.777777777777778,ibcf,1
308,647,4.625,ibcf,2
308,529,4.571428571428571,ibcf,3
308,114,4.5,ibcf,4
308,189,4.5,ibcf,5
308,26,4.428571428571429,ibcf,6
308,644,4.428571428571429,ibcf,7
308,919,4.428571428571429,ibcf,8
308,236,4.4,ibcf,9
308,474,4.4,ibcf,10
328,136,4.5,ibcf,1
328,354,4.5,ibcf,2
328,495,4.5,ibcf,3
328,345,4.4,ibcf,4
328,506,4.4,ibcf,5
328,647,4.4,ibcf,6
328,346,4.333333333333333,ibcf,7
328,485,4.333333333333333,ibcf,8
328,269,4.285714285714286,ibcf,9
328,276,4.285714285714286,ibcf,10
35,873,3.7142857142857144,ibcf,1
35,245,3.5,ibcf,2
35,331,3.4285714285714284,ibcf,3
35,292,3.4,ibcf,4
35,307,3.4,ibcf,5
35,984,3.2857142857142856,ibcf,6
35,687,3.2,ibcf,7
35,988,3.2,ibcf,8
35,323,3.142857142857143,ibcf,9
35,299,3.0,ibcf,10
707,19,4.333333333333333,ibcf,1
707,20,4.333333333333333,ibcf,2
707,277,4.333333333333333,ibcf,3
707,236,4.285714285714286,ibcf,4
707,896,4.285714285714286,ibcf,5
707,855,4.25,ibcf,6
707,213,4.222222222222222,ibcf,7
707,16,4.2,ibcf,8
707,704,4.166666666666667,ibcf,9
707,1009,4.166666666666667,ibcf,10
94,531,5.0,ibcf,1
94,152,4.833333333333333,ibcf,2
94,178,4.833333333333333,ibcf,3
94,632,4.833333333333333,ibcf,4
94,463,4.8,ibcf,5
94,513,4.8,ibcf,6
94,517,4.8,ibcf,7
94,529,4.8,ibcf,8
94,276,4.75,ibcf,9
94,1098,4.75,ibcf,10
75,293,4.6,ibcf,1
75,7,4.428571428571429,ibcf,2
75,93,4.333333333333333,ibcf,3
75,713,4.333333333333333,ibcf,4
75,544,4.142857142857143,ibcf,5
75,257,4.0,ibcf,6
75,275,4.0,ibcf,7
75,276,4.0,ibcf,8
75,455,4.0,ibcf,9
75,762,4.0,ibcf,10
456,482,4.4,ibcf,1
456,654,4.4,ibcf,2
456,1073,4.4,ibcf,3
456,657,4.375,ibcf,4
456,705,4.333333333333333,ibcf,5
456,489,4.2,ibcf,6
456,430,4.166666666666667,ibcf,7
456,507,4.166666666666667,ibcf,8
456,511,4.166666666666667,ibcf,9
456,514,4.166666666666667,ibcf,10
796,156,5.0,ibcf,1
796,252,4.888888888888889,ibcf,2
796,55,4.857142857142857,ibcf,3
796,290,4.833333333333333,ibcf,4
796,455,4.833333333333333,ibcf,5
796,24,4.8,ibcf,6
796,114,4.8,ibcf,7
796,827,4.75,ibcf,8
796,21,4.666666666666667,ibcf,9
796,83,4.625,ibcf,10
293,511,4.875,ibcf,1
293,519,4.8,ibcf,2
293,607,4.8,ibcf,3
293,505,4.666666666666667,ibcf,4
293,478,4.625,ibcf,5
293,520,4.6,ibcf,6
293,661,4.6,ibcf,7
293,136,4.571428571428571,ibcf,8
293,178,4.571428571428571,ibcf,9
293,525,4.5,ibcf,10
887,249,5.0,ibcf,1
887,291,5.0,ibcf,2
887,717,5.0,ibcf,3
887,742,5.0,ibcf,4
887,117,4.857142857142857,ibcf,5
887,820,4.857142857142857,ibcf,6
887,825,4.857142857142857,ibcf,7
887,147,4.833333333333333,ibcf,8
887,265,4.833333333333333,ibcf,9
887,685,4.833333333333333,ibcf,10
450,175,4.666666666666667,ibcf,1
450,1063,4.625,ibcf,2
450,517,4.6,ibcf,3
450,617,4.6,ibcf,4
450,32,4.571428571428571,ibcf,5
450,189,4.571428571428571,ibcf,6
450,805,4.571428571428571,ibcf,7
450,515,4.5,ibcf,8
450,209,4.444444444444445,ibcf,9
450,649,4.444444444444445,ibcf,10
407,652,4.666666666666667,ibcf,1
407,959,4.6,ibcf,2
407,42,4.5,ibcf,3
407,1039,4.5,ibcf,4
407,1098,4.5,ibcf,5
407,963,4.444444444444445,ibcf,6
407,12,4.428571428571429,ibcf,7
407,136,4.4,ibcf,8
407,83,4.375,ibcf,9
407,23,4.285714285714286,ibcf,10
627,515,4.8,ibcf,1
627,48,4.625,ibcf,2
627,429,4.4,ibcf,3
627,206,4.2,ibcf,4
627,357,4.166666666666667,ibcf,5
627,203,4.125,ibcf,6
627,192,4.0,ibcf,7
627,194,4.0,ibcf,8
627,198,4.0,ibcf,9
627,332,4.0,ibcf,10
476,163,4.8,ibcf,1
476,154,4.666666666666667,ibcf,2
476,428,4.285714285714286,ibcf,3
476,153,4.166666666666667,ibcf,4
476,580,4.166666666666667,ibcf,5
476,652,4.166666666666667,ibcf,6
476,709,4.125,ibcf,7
476,421,4.0,ibcf,8
476,81,3.6666666666666665,ibcf,9
476,322,3.6666666666666665,ibcf,10
104,315,3.8,ibcf,1
104,109,3.6666666666666665,ibcf,2
104,905,3.5714285714285716,ibcf,3
104,1197,3.5714285714285716,ibcf,4
104,319,3.4285714285714284,ibcf,5
104,116,3.4,ibcf,6
104,137,3.4,ibcf,7
104,303,3.4,ibcf,8
104,344,3.4,ibcf,9
104,741,3.4,ibcf,10
875,197,4.857142857142857,ibcf,1
875,178,4.833333333333333,ibcf,2
875,175,4.8,ibcf,3
875,191,4.8,ibcf,4
875,199,4.8,ibcf,5
875,205,4.8,ibcf,6
875,467,4.8,ibcf,7
875,517,4.8,ibcf,8
875,650,4.8,ibcf,9
875,127,4.714285714285714,ibcf,10
564,222,4.0,ibcf,1
564,294,4.0,ibcf,2
564,405,4.0,ibcf,3
564,286,3.857142857142857,ibcf,4
564,250,3.8333333333333335,ibcf,5
564,288,3.8333333333333335,ibcf,6
564,291,3.8,ibcf,7
564,304,3.8,ibcf,8
564,546,3.8,ibcf,9
564,748,3.8,ibcf,10
393,312,4.25,ibcf,1
393,289,4.166666666666667,ibcf,2
393,295,4.142857142857143,ibcf,3
393,750,4.142857142857143,ibcf,4
393,98,4.0,ibcf,5
393,327,4.0,ibcf,6
393,346,4.0,ibcf,7
393,877,4.0,ibcf,8
393,174,3.888888888888889,ibcf,9
393,133,3.875,ibcf,10
268,482,4.8,ibcf,1
268,511,4.714285714285714,ibcf,2
268,498,4.666666666666667,ibcf,3
268,530,4.6,ibcf,4
268,603,4.555555555555555,ibcf,5
268,152,4.5,ibcf,6
268,340,4.5,ibcf,7
268,514,4.5,ibcf,8
268,657,4.5,ibcf,9
268,663,4.5,ibcf,10
588,905,4.833333333333333,ibcf,1
588,312,4.8,ibcf,2
588,346,4.8,ibcf,3
588,340,4.714285714285714,ibcf,4
588,710,4.625,ibcf,5
588,310,4.6,ibcf,6
588,750,4.6,ibcf,7
588,1118,4.6,ibcf,8
588,270,4.5,ibcf,9
588,302,4.5,ibcf,10
417,528,4.6,ibcf,1
417,48,4.428571428571429,ibcf,2
417,467,4.333333333333333,ibcf,3
417,531,4.333333333333333,ibcf,4
417,527,4.25,ibcf,5
417,652,4.25,ibcf,6
417,187,4.2,ibcf,7
417,378,4.2,ibcf,8
417,521,4.2,ibcf,9
417,462,4.166666666666667,ibcf,10
874,242,4.166666666666667,ibcf,1
874,283,4.0,ibcf,2
874,303,4.0,ibcf,3
874,13,3.875,ibcf,4
874,19,3.875,ibcf,5
874,221,3.8333333333333335,ibcf,6
874,10,3.8,ibcf,7
874,269,3.8,ibcf,8
874,847,3.8,ibcf,9
59,156,5.0,ibcf,1
59,164,5.0,ibcf,2
59,652,5.0,ibcf,3
59,5,4.888888888888889,ibcf,4
59,144,4.888888888888889,ibcf,5
59,154,4.888888888888889,ibcf,6
59,214,4.888888888888889,ibcf,7
59,469,4.888888888888889,ibcf,8
59,693,4.875,ibcf,9
59,114,4.857142857142857,ibcf,10
716,9,5.0,ibcf,1
716,170,5.0,ibcf,2
716,531,5.0,ibcf,3
716,87,4.888888888888889,ibcf,4
716,100,4.857142857142857,ibcf,5
716,276,4.8,ibcf,6
716,657,4.777777777777778,ibcf,7
716,7,4.666666666666667,ibcf,8
716,152,4.666666666666667,ibcf,9
716,317,4.666666666666667,ibcf,10
389,19,4.8,ibcf,1
389,116,4.8,ibcf,2
389,276,4.8,ibcf,3
389,701,4.8,ibcf,4
389,515,4.75,ibcf,5
389,963,4.75,ibcf,6
389,606,4.666666666666667,ibcf,7
389,277,4.6,ibcf,8
389,659,4.6,ibcf,9
389,813,4.6,ibcf,10
42,4,5.0,ibcf,1
42,842,5.0,ibcf,2
42,527,4.875,ibcf,3
42,356,4.857142857142857,ibcf,4
42,193,4.8,ibcf,5
42,197,4.8,ibcf,6
42,422,4.8,ibcf,7
42,435,4.8,ibcf,8
42,465,4.777777777777778,ibcf,9
42,22,4.75,ibcf,10
204,306,4.4,ibcf,1
204,305,4.333333333333333,ibcf,2
204,347,3.6,ibcf,3
204,272,3.5714285714285716,ibcf,4
204,319,3.5,ibcf,5
204,289,3.4285714285714284,ibcf,6
204,313,3.3333333333333335,ibcf,7
204,751,3.1666666666666665,ibcf,8
204,327,3.125,ibcf,9
204,307,3.0,ibcf,10
269,116,4.6,ibcf,1
269,178,4.5,ibcf,2
269,589,4.428571428571429,ibcf,3
269,10,4.4,ibcf,4
269,461,4.285714285714286,ibcf,5
269,32,4.25,ibcf,6
269,1098,4.25,ibcf,7
269,129,4.222222222222222,ibcf,8
269,150,4.222222222222222,ibcf,9
269,269,4.2,ibcf,10
877,212,4.6,ibcf,1
877,234,4.6,ibcf,2
877,26,4.2,ibcf,3
877,190,4.2,ibcf,4
877,707,4.2,ibcf,5
877,923,4.2,ibcf,6
877,66,4.0,ibcf,7
877,213,3.8333333333333335,ibcf,8
877,49,3.8,ibcf,9
877,51,3.8,ibcf,10
941,151,4.2,ibcf,1
941,235,4.2,ibcf,2
941,288,4.2,ibcf,3
941,250,4.166666666666667,ibcf,4
892,197,5.0,ibcf,1
892,513,5.0,ibcf,2
892,528,5.0,ibcf,3
892,427,4.9,ibcf,4
892,1039,4.875,ibcf,5
892,23,4.857142857142857,ibcf,6
892,607,4.833333333333333,ibcf,7
892,185,4.8,ibcf,8
892,527,4.8,ibcf,9
892,647,4.8,ibcf,10
249,1098,5.0,ibcf,1
249,518,4.857142857142857,ibcf,2
249,508,4.833333333333333,ibcf,3
249,652,4.833333333333333,ibcf,4
249,772,4.833333333333333,ibcf,5
249,48,4.8,ibcf,6
249,134,4.8,ibcf,7
249,150,4.8,ibcf,8
249,206,4.8,ibcf,9
249,425,4.8,ibcf,10
390,294,4.6,ibcf,1
390,313,4.6,ibcf,2
390,327,4.6,ibcf,3
390,270,4.4,ibcf,4
390,321,4.4,ibcf,5
390,301,4.333333333333333,ibcf,6
390,333,4.2,ibcf,7
390,285,4.166666666666667,ibcf,8
390,116,4.0,ibcf,9
390,268,4.0,ibcf,10
559,97,4.428571428571429,ibcf,1
559,58,4.4,ibcf,2
559,135,4.4,ibcf,3
559,157,4.4,ibcf,4
559,770,4.4,ibcf,5
559,178,4.2,ibcf,6
559,679,4.2,ibcf,7
559,735,4.2,ibcf,8
559,357,4.142857142857143,ibcf,9
559,48,4.0,ibcf,10
354,1022,4.8,ibcf,1
354,1115,4.6,ibcf,2
354,244,4.4,ibcf,3
354,1021,4.4,ibcf,4
354,16,4.333333333333333,ibcf,5
354,488,4.333333333333333,ibcf,6
354,525,4.333333333333333,ibcf,7
354,615,4.333333333333333,ibcf,8
354,921,4.333333333333333,ibcf,9
354,212,4.25,ibcf,10
313,647,4.875,ibcf,1
313,656,4.8,ibcf,2
313,507,4.75,ibcf,3
313,513,4.75,ibcf,4
313,198,4.714285714285714,ibcf,5
313,528,4.7,ibcf,6
313,705,4.7,ibcf,7
313,589,4.666666666666667,ibcf,8
313,675,4.6,ibcf,9
313,506,4.571428571428571,ibcf,10
484,58,5.0,ibcf,1
484,527,5.0,ibcf,2
484,31,4.875,ibcf,3
484,64,4.875,ibcf,4
484,196,4.875,ibcf,5
484,193,4.857142857142857,ibcf,6
484,132,4.833333333333333,ibcf,7
484,735,4.833333333333333,ibcf,8
484,963,4.833333333333333,ibcf,9
484,39,4.8,ibcf,10
704,482,5.0,ibcf,1
704,520,4.833333333333333,ibcf,2
704,479,4.8,ibcf,3
704,837,4.8,ibcf,4
704,23,4.666666666666667,ibcf,5
704,521,4.666666666666667,ibcf,6
704,525,4.666666666666667,ibcf,7
704,192,4.6,ibcf,8
704,483,4.6,ibcf,9
704,504,4.6,ibcf,10
296,136,5.0,ibcf,1
296,197,5.0,ibcf,2
296,316,5.0,ibcf,3
296,347,5.0,ibcf,4
296,491,5.0,ibcf,5
296,511,5.0,ibcf,6
296,530,5.0,ibcf,7
296,603,5.0,ibcf,8
296,648,5.0,ibcf,9
296,178,4.875,ibcf,10
26,338,4.2,ibcf,1
26,312,4.0,ibcf,2
26,340,4.0,ibcf,3
26,347,4.0,ibcf,4
26,268,3.875,ibcf,5
26,272,3.857142857142857,ibcf,6
26,310,3.8333333333333335,ibcf,7
26,895,3.8333333333333335,ibcf,8
26,236,3.8,ibcf,9
26,270,3.7142857142857144,ibcf,10
198,134,4.5,ibcf,1
198,205,4.5,ibcf,2
198,483,4.428571428571429,ibcf,3
198,169,4.333333333333333,ibcf,4
198,521,4.333333333333333,ibcf,5
198,603,4.333333333333333,ibcf,6
198,647,4.333333333333333,ibcf,7
198,192,4.285714285714286,ibcf,8
198,199,4.285714285714286,ibcf,9
198,528,4.25,ibcf,10
280,963,4.5,ibcf,1
280,582,4.428571428571429,ibcf,2
280,124,4.4,ibcf,3
280,285,4.4,ibcf,4
280,287,4.4,ibcf,5
280,761,4.4,ibcf,6
280,65,4.333333333333333,ibcf,7
280,716,4.333333333333333,ibcf,8
280,785,4.333333333333333,ibcf,9
280,191,4.25,ibcf,10
398,143,4.75,ibcf,1
398,215,4.666666666666667,ibcf,2
398,584,4.666666666666667,ibcf,3
398,963,4.666666666666667,ibcf,4
398,318,4.625,ibcf,5
398,673,4.6,ibcf,6
398,1035,4.6,ibcf,7
398,22,4.571428571428571,ibcf,8
398,1050,4.571428571428571,ibcf,9
398,193,4.555555555555555,ibcf,10
215,7,4.8,ibcf,1
215,136,4.6,ibcf,2
215,100,4.5,ibcf,3
215,96,4.428571428571429,ibcf,4
215,429,4.428571428571429,ibcf,5
215,482,4.4,ibcf,6
215,156,4.375,ibcf,7
215,427,4.375,ibcf,8
215,1,4.333333333333333,ibcf,9
215,133,4.333333333333333,ibcf,10
288,194,4.666666666666667,ibcf,1
288,302,4.666666666666667,ibcf,2
288,11,4.6,ibcf,3
288,58,4.6,ibcf,4
288,187,4.6,ibcf,5
288,191,4.571428571428571,ibcf,6
288,9,4.5,ibcf,7
288,48,4.5,ibcf,8
288,188,4.5,ibcf,9
288,319,4.5,ibcf,10
774,198,3.5714285714285716,ibcf,1
774,474,3.2857142857142856,ibcf,2
774,76,3.2,ibcf,3
774,467,3.2,ibcf,4
774,32,3.1666666666666665,ibcf,5
774,157,3.1666666666666665,ibcf,6
774,963,3.1666666666666665,ibcf,7
774,156,3.142857142857143,ibcf,8
774,570,3.142857142857143,ibcf,9
774,9,3.0,ibcf,10
149,306,4.166666666666667,ibcf,1
149,242,3.857142857142857,ibcf,2
149,315,3.8333333333333335,ibcf,3
149,347,3.8333333333333335,ibcf,4
149,304,3.6666666666666665,ibcf,5
149,316,3.6,ibcf,6
149,344,3.6,ibcf,7
149,289,3.5714285714285716,ibcf,8
149,270,3.4285714285714284,ibcf,9
149,354,3.4,ibcf,10
375,200,4.4,ibcf,1
375,448,4.4,ibcf,2
375,1042,3.4,ibcf,3
291,150,5.0,ibcf,1
291,276,4.888888888888889,ibcf,2
291,127,4.857142857142857,ibcf,3
291,357,4.8,ibcf,4
291,709,4.8,ibcf,5
291,1039,4.8,ibcf,6
291,265,4.714285714285714,ibcf,7
291,317,4.714285714285714,ibcf,8
291,651,4.7,ibcf,9
291,83,4.666666666666667,ibcf,10
29,319,4.4,ibcf,1
29,321,4.4,ibcf,2
29,311,4.2,ibcf,3
29,327,4.2,ibcf,4
29,289,4.0,ibcf,5
29,304,4.0,ibcf,6
29,243,3.2,ibcf,7
29,988,3.2,ibcf,8
29,323,3.0,ibcf,9
29,873,3.0,ibcf,10
159,287,4.8,ibcf,1
159,713,4.8,ibcf,2
159,410,4.6,ibcf,3
159,1011,4.6,ibcf,4
159,825,4.5,ibcf,5
159,235,4.4,ibcf,6
159,106,4.375,ibcf,7
159,508,4.333333333333333,ibcf,8
159,827,4.333333333333333,ibcf,9
159,1197,4.25,ibcf,10
314,596,4.833333333333333,ibcf,1
314,1035,4.833333333333333,ibcf,2
314,102,4.8,ibcf,3
314,451,4.75,ibcf,4
314,696,4.666666666666667,ibcf,5
314,720,4.666666666666667,ibcf,6
314,181,4.6,ibcf,7
314,584,4.6,ibcf,8
314,824,4.6,ibcf,9
314,951,4.6,ibcf,10
540,124,4.4,ibcf,1
540,285,4.4,ibcf,2
540,458,4.333333333333333,ibcf,3
540,275,4.2,ibcf,4
540,268,4.166666666666667,ibcf,5
540,129,4.142857142857143,ibcf,6
540,288,4.125,ibcf,7
540,298,4.125,ibcf,8
540,248,4.111111111111111,ibcf,9
540,93,4.0,ibcf,10
929,203,4.4,ibcf,1
929,180,4.375,ibcf,2
929,177,4.2,ibcf,3
929,183,4.2,ibcf,4
929,234,4.2,ibcf,5
929,11,4.166666666666667,ibcf,6
929,69,4.166666666666667,ibcf,7
929,156,4.166666666666667,ibcf,8
929,176,4.166666666666667,ibcf,9
929,191,4.166666666666667,ibcf,10
748,12,4.428571428571429,ibcf,1
748,177,4.375,ibcf,2
748,55,4.333333333333333,ibcf,3
748,156,4.333333333333333,ibcf,4
748,11,4.285714285714286,ibcf,5
748,164,4.285714285714286,ibcf,6
748,198,4.285714285714286,ibcf,7
748,294,4.285714285714286,ibcf,8
748,98,4.2,ibcf,9
748,245,4.2,ibcf,10
867,39,5.0,ibcf,1
867,478,5.0,ibcf,2
867,515,5.0,ibcf,3
867,654,5.0,ibcf,4
867,187,4.888888888888889,ibcf,5
867,479,4.857142857142857,ibcf,6
867,647,4.857142857142857,ibcf,7
867,82,4.833333333333333,ibcf,8
867,127,4.833333333333333,ibcf,9
867,154,4.833333333333333,ibcf,10
919,48,4.5,ibcf,1
919,404,4.4,ibcf,2
919,465,4.4,ibcf,3
919,735,4.4,ibcf,4
919,317,4.333333333333333,ibcf,5
919,427,4.333333333333333,ibcf,6
919,501,4.333333333333333,ibcf,7
919,744,4.333333333333333,ibcf,8
919,969,4.333333333333333,ibcf,9
919,357,4.285714285714286,ibcf,10
840,641,4.833333333333333,ibcf,1
840,589,4.75,ibcf,2
840,10,4.666666666666667,ibcf,3
840,200,4.625,ibcf,4
840,673,4.625,ibcf,5
840,13,4.6,ibcf,6
840,19,4.6,ibcf,7
840,124,4.6,ibcf,8
840,283,4.6,ibcf,9
840,433,4.6,ibcf,10
65,468,4.8,ibcf,1
65,162,4.6,ibcf,2
65,747,4.571428571428571,ibcf,3
65,58,4.5,ibcf,4
65,699,4.5,ibcf,5
65,729,4.428571428571429,ibcf,6
65,527,4.4,ibcf,7
65,744,4.4,ibcf,8
65,193,4.333333333333333,ibcf,9
65,317,4.333333333333333,ibcf,10
521,39,4.333333333333333,ibcf,1
521,92,4.142857142857143,ibcf,2
521,55,4.0,ibcf,3
521,317,4.0,ibcf,4
521,652,4.0,ibcf,5
521,697,4.0,ibcf,6
521,789,4.0,ibcf,7
521,64,3.857142857142857,ibcf,8
521,150,3.857142857142857,ibcf,9
521,658,3.857142857142857,ibcf,10
53,111,4.4,ibcf,1
53,1,4.333333333333333,ibcf,2
53,255,4.2,ibcf,3
53,106,4.0,ibcf,4
53,235,4.0,ibcf,5
53,405,4.0,ibcf,6
53,117,3.8,ibcf,7
53,248,3.8,ibcf,8
53,222,3.6666666666666665,ibcf,9
53,252,3.6666666666666665,ibcf,10
145,8,5.0,ibcf,1
145,28,5.0,ibcf,2
145,127,5.0,ibcf,3
145,144,5.0,ibcf,4
145,191,5.0,ibcf,5
145,4,4.875,ibcf,6
145,188,4.875,ibcf,7
145,651,4.875,ibcf,8
145,204,4.857142857142857,ibcf,9
145,210,4.857142857142857,ibcf,10
7,48,5.0,ibcf,1
7,169,5.0,ibcf,2
7,209,5.0,ibcf,3
7,276,5.0,ibcf,4
7,508,5.0,ibcf,5
7,531,5.0,ibcf,6
7,712,5.0,ibcf,7
7,1149,5.0,ibcf,8
7,58,4.888888888888889,ibcf,9
7,87,4.888888888888889,ibcf,10
880,48,5.0,ibcf,1
880,192,5.0,ibcf,2
880,345,5.0,ibcf,3
880,515,5.0,ibcf,4
880,443,4.857142857142857,ibcf,5
880,197,4.8,ibcf,6
880,504,4.8,ibcf,7
880,531,4.8,ibcf,8
880,427,4.75,ibcf,9
880,673,4.75,ibcf,10
815,633,4.833333333333333,ibcf,1
815,699,4.714285714285714,ibcf,2
815,951,4.666666666666667,ibcf,3
815,162,4.5,ibcf,4
815,378,4.5,ibcf,5
815,498,4.5,ibcf,6
815,662,4.5,ibcf,7
815,58,4.444444444444445,ibcf,8
815,8,4.4,ibcf,9
815,49,4.4,ibcf,10
567,206,4.8,ibcf,1
567,516,4.8,ibcf,2
567,518,4.714285714285714,ibcf,3
567,171,4.666666666666667,ibcf,4
567,488,4.666666666666667,ibcf,5
567,505,4.666666666666667,ibcf,6
567,558,4.666666666666667,ibcf,7
567,656,4.666666666666667,ibcf,8
567,805,4.666666666666667,ibcf,9
567,414,4.6,ibcf,10
806,48,4.8,ibcf,1
806,23,4.714285714285714,ibcf,2
806,64,4.625,ibcf,3
806,58,4.6,ibcf,4
806,208,4.6,ibcf,5
806,660,4.6,ibcf,6
806,97,4.571428571428571,ibcf,7
806,132,4.571428571428571,ibcf,8
806,32,4.5,ibcf,9
806,135,4.5,ibcf,10
932,214,4.875,ibcf,1
932,32,4.833333333333333,ibcf,2
932,152,4.8,ibcf,3
932,641,4.75,ibcf,4
932,492,4.666666666666667,ibcf,5
932,408,4.6,ibcf,6
932,604,4.6,ibcf,7
932,1124,4.6,ibcf,8
932,1203,4.6,ibcf,9
932,23,4.571428571428571,ibcf,10
222,317,4.7,ibcf,1
222,652,4.666666666666667,ibcf,2
222,42,4.625,ibcf,3
222,963,4.625,ibcf,4
222,690,4.6,ibcf,5
222,55,4.5,ibcf,6
222,203,4.5,ibcf,7
222,286,4.5,ibcf,8
222,515,4.5,ibcf,9
222,676,4.5,ibcf,10
